name,ra,dec,period,depth,time,duration
WASP-113 b,299.407035340031,44.0350526469195,3.546805214087253,0.08997648228637445,2771.176517087652,0.17
